<?xml version="1.0" encoding="UTF-8"?>
<ValidationRule xmlns="http://soap.sforce.com/2006/04/metadata">
    <fullName>Account_andor_Contact_is_needed</fullName>
    <active>true</active>
    <description>A Contact or Account is required</description>
    <errorConditionFormula>(ISBLANK(Client_Company_Household__c) || ISNULL(Client_Company_Household__c)) &amp;&amp; (ISBLANK(Client_Contact__c) || ISNULL(Client_Contact__c)) &amp;&amp; NOT( Rental_Template__c)</errorConditionFormula>
    <errorMessage>Account/Contact is required</errorMessage>
</ValidationRule>
