<?xml version="1.0" encoding="UTF-8"?>
<GlobalValueSet xmlns="http://soap.sforce.com/2006/04/metadata">
    <customValue>
        <fullName>Birthday Party</fullName>
        <default>false</default>
        <label>Birthday Party</label>
    </customValue>
    <customValue>
        <fullName>Wedding</fullName>
        <default>false</default>
        <label>Wedding</label>
    </customValue>
    <customValue>
        <fullName>Reception Only</fullName>
        <default>false</default>
        <label>Reception Only</label>
    </customValue>
    <masterLabel>Rental Type</masterLabel>
    <sorted>false</sorted>
</GlobalValueSet>
